0,-0.072127695389922045
1,-0.072126342105668817
2,-0.072131869227991516
3,-0.072130081452053754
4,-0.072130888926566036
5,-0.063443288107042611
6,0.0010950627936182136
7,-0.023399497902307245
8,-0.318144785885908
9,-0.29215714001907395
10,-0.27055944146720778
11,-0.24421736379430423
12,-0.22644482773423333
13,-0.19940137410061634
14,-0.17908106971532556
15,-0.16835711720157664
16,-0.30061877117627389
17,-0.27407901370582544
18,0.27732426712763453
19,0.25526103753691876
20,-0.23527264463394629
21,-0.22651980353989895
22,-0.21086469994774532
23,-0.18631984728650036
24,-0.1666426886844663
25,-0.30584941606584348
26,-0.28794676140197056
27,-0.26156125347564491
28,-0.24420870997585853
29,-0.22161260825701265
30,-0.20575612328129683
31,-0.18103334983110092
32,-0.16528126809871205
33,-0.14528190826781315
34,-0.28096041835657426
35,-0.26315988563621157
36,-0.23651923641550307
37,-0.21907927353169784
38,0.23043036639410841
39,-0.17828843160406321
40,0.20095408718606456
41,0.18102338551378777
42,0.31857713855696745
43,0.29705848576551469
44,0.2658475107387604
45,-0.23689325938981051
46,0.23037412044797809
47,-0.20128048178265398
48,0.20000035600284766
49,0.18030627445357991
50,0.16780685940042248
51,0.29998377178299374
52,0.27344321974768487
53,-0.25177409396586942
54,-0.23507888120503218
55,0.21909711654142894
56,-0.19391683972054238
57,0.18944756809609709
58,0.17267528245852384
59,0.30151625546314853
60,-0.28010068876323513
61,-0.26597718388850894
62,-0.24518002618663945
63,0.22959954202855462
64,0.21500727031335523
65,-0.18221420162132129
66,-0.16362862070597614
67,-0.15472304414315807
68,-0.28611306072616399
69,0.27464100781705164
70,0.26082017091896453
71,0.23759950593127455
72,-0.21094680894136555
73,0.20888781109243726
74,0.19210032596020574
75,0.16612785460368126
76,0.29942814995172073
77,-0.27769901383453804
78,-0.26136042987962527
79,0.24499363707437283
80,0.2262363566700093
81,-0.21134292857371956
82,-0.19727531640554863
83,-0.17397149031547163
84,-0.15986432171370443
85,-0.28663358510153858
86,0.27742356389904899
87,0.26702527080119037
88,0.24728468718515786
89,0.22076975995411449
90,0.19934117655877306
91,0.18651868192344917
92,0.16490887115803268
93,0.21311103165322776
94,0.19356147031213131
95,0.17556855497917656
96,0.16137496944186941
97,0.13861966411063761
98,0.12215052313506639
99,0.11574480503438081
100,0.099452233248484845
101,0.092821403735485586
102,0.092568057665932679
103,0.070063393541782357
104,0.056696115740055307
105,0.064312807065709424
106,0.053175965876688137
107,0.058732358937172768
108,0.043114753364501185
109,0.03750709158881152
110,0.042070042156048162
111,0.02613736436239749
112,0.029382131818146986
113,0.013566214034253524
114,0.014381482270251524
115,0.0010396141418995142
116,0.0067496728429294189
117,-0.0064079740594797305
118,-0.0031021630038226278
119,-0.015264532322230309
120,-0.0073780926846415962
121,-0.017764316860765635
122,-0.012145624341003608
123,-0.022304614548456177
124,-0.025340426416607664
125,-0.022175874924776039
126,-0.032557427534273306
127,-0.03789243703270382
128,-0.11065707740292452
129,-0.079484877171358978
130,-0.20441896455826333
131,-0.3254463319448308
132,-0.29346893035418492
133,-0.27110082506268951
134,-0.24241983286414998
135,-0.21745638347997426
136,-0.20140536274760229
137,-0.17692661059561096
138,-0.15884500452590095
139,-0.2998812410996553
140,-0.28211000228492439
141,0.27431912219755838
142,0.25889356659924573
143,-0.22308517723839047
144,-0.20285195032138348
145,-0.18654650221014729
146,0.18873357765258889
147,0.16755499872456717
148,0.30574848853835229
149,0.28690055989881985
150,0.25916594599468762
151,0.24020191431847041
152,-0.22924473977880386
153,-0.21294432451419232
154,-0.18957139622994759
155,-0.17564309642308668
156,-0.1522454503214577
157,-0.28464148578997911
158,-0.26312296276880154
159,0.25798252976906938
160,0.24306677464940457
161,0.21953230908295826
162,0.20298073981210962
163,0.18161938540119579
164,0.16998852465500008
165,0.29915507843309086
166,-0.27461306595547952
167,-0.2636617762435905
168,-0.24214866350322631
169,0.22625144408984366
170,0.21420855733988878
171,0.1924348075617246
172,0.18107528515896931
173,0.310079899388846
174,0.28222741650386085
175,-0.27438283291576093
176,-0.25968301231283453
177,0.2226980945424111
178,0.20546374075962559
179,-0.21085815431505617
180,-0.19395714589992166
181,0.15327498682451507
182,0.28754827653194809
183,-0.28718961786940006
184,-0.26706538322074341
185,0.23836289842942068
186,0.22474465121072246
187,0.20232466147702829
188,0.18835003059397554
189,0.16657687372732041
190,0.15052039655091096
191,0.29018849467063851
192,0.27085310682327474
193,-0.25399034857719366
194,-0.24118121016994418
195,-0.21824686480516781
196,-0.20558580021584821
197,-0.18319194029660318
198,-0.16743136296560002
199,-0.29791231902554416
200,0.28141952180971841
201,0.26595143470778937
202,0.24398129452358477
203,-0.2312775380011805
204,-0.21831772204076644
205,-0.19639350098737512
206,-0.18054783168909194
207,-0.16045335019437415
208,-0.29968909570117758
209,-0.27966557318261309
210,-0.25324251933933617
211,-0.2309159683022903
212,0.22011890462405606
213,-0.196277717903166
214,-0.1767446536404533
215,-0.16150412078217519
216,-0.14745598249211075
217,0.13998946677236951
218,-0.11132345319604794
219,-0.091783831274138902
220,-0.081301671657458469
221,-0.075309302011856011
222,-0.062675650856887338
223,-0.055369738129014925
224,-0.051117731620867392
225,-0.16649853711879756
226,-0.14599889892886425
227,-0.14483289171898345
228,-0.12007803431840391
229,-0.10662266492340386
230,-0.225148053851628
231,-0.21277331580608394
232,-0.23504997762568311
233,-0.20711984440288431
234,-0.32898614134881876
235,-0.30153181004157953
236,-0.41928196807123685
237,-0.38827433854424886
238,-0.35736375369080031
239,-0.32684077403451006
240,-0.29917233756331441
241,-0.27178972676242391
242,-0.2514184906469582
243,-0.22229046929739998
244,-0.20262751910131321
245,-0.32763849110749943
246,-0.30042521392576588
247,-0.26900685360304444
248,-0.24640247885503155
249,-0.21704554779383312
250,-0.19497849288653296
251,-0.18189956045818478
252,-0.1601580683528275
253,-0.14750843940707284
254,-0.27161155903358025
255,-0.24212003846711519
256,-0.22078765977611395
257,-0.19714689973329316
258,-0.18009780008690884
259,-0.15776157097477983
260,-0.14462601088049815
261,-0.12250772540620369
262,-0.25365429165929287
263,-0.23445503496514644
264,-0.20523851695553758
265,-0.18269589335977415
266,-0.16922488867313795
267,-0.1521240957883335
268,-0.14344320755707046
269,-0.12604641570165456
270,-0.11620309002685952
271,-0.24900660474530342
272,-0.22335095366684776
273,-0.20772599209146969
274,-0.18579945161184105
275,-0.1723246858293071
276,-0.14961254472783098
277,-0.13537152756674767
278,-0.11875860267520863
279,-0.11011944299914053
280,0.32218313126890075
281,0.29620774703162234
282,-0.22985920775469162
283,-0.22277901322874716
284,-0.20623068924595123
285,-0.18044982450645441
286,-0.16129775671947938
287,-0.1510839820375286
288,-0.28149922460385374
289,-0.25293828828650633
290,0.27913771349743211
291,-0.21863011672470006
292,0.24223895245738719
293,-0.18597525972430723
294,-0.16688232678668677
295,-0.15645381968588878
296,-0.28688594540127799
297,0.30504899636083727
298,0.29132448698414415
299,0.26828151557427748
300,-0.22182923108030825
301,-0.20976864583066873
302,-0.19017643460591419
303,-0.17391969659342871
304,-0.15218972310218234
305,-0.28919924116894746
306,-0.26971392671147748
307,0.27008672319729038
308,0.25412079222638972
309,0.22947661244979622
310,0.21136374635267396
311,0.18400021395386512
312,-0.16536428926397853
313,0.3074000692061305
314,0.29242769496312565
315,0.26760338430886854
316,-0.24939865261045688
317,-0.23234995949681325
318,0.21010572303575728
319,0.19416936828989628
320,-0.17950484907228786
321,0.15384624444110853
322,-0.29828434867014281
323,-0.28161039518115383
324,-0.25532976531796192
325,-0.23824291671658324
326,0.22336932261907758
327,0.20721694190536397
328,-0.18502892705631996
329,-0.16575591460491762
330,-0.30307190321661071
331,-0.2812990950114605
332,0.27514593386588415
333,0.26233419157494797
334,0.24180800868691313
335,0.21205355793036995
336,0.19135597293907505
337,0.1798617290582431
338,0.16112448250871064
339,0.30202430572766786
340,0.28371334726511693
341,0.25841602692921872
342,0.23618124340116259
343,0.21133342383032977
344,0.19674661440313981
345,-0.19109696391576916
346,-0.17369913635738787
347,-0.30609884211395838
348,0.28180225803899417
349,0.26442832251288312
350,-0.25087684278204281
351,-0.23516625953774126
352,0.21115147573956128
353,0.19187320976504124
354,-0.17674888482939174
355,0.16310568665180661
356,0.29292119596030425
357,-0.28158941852660208
358,-0.26885820121717463
359,-0.24616807652277581
360,-0.21922067278239848
361,0.204536311849214
362,-0.18784713724182003
363,-0.16792243838530319
364,-0.30710608467727318
365,-0.28780627362217698
366,0.26801391094174848
367,0.25505517468796918
368,0.23270790888165346
369,0.20937077793729914
370,0.19272927481049409
371,-0.18260257555046472
372,-0.1637998529147372
373,-0.30150676799355408
374,-0.28420394810412569
375,-0.25925491961190222
376,-0.2427772170918818
377,0.22495993055074762
378,0.20904005124779829
379,-0.18711246233789014
380,-0.16782356051934311
381,-0.15771904287030217
382,-0.20355753613972072
383,-0.17711295376106109
384,-0.16022747563718101
385,-0.14702874894924836
386,-0.12689434509521161
387,-0.11580126177133136
388,-0.095551304391162523
389,-0.085204486758251166
390,-0.091698796780777428
391,-0.077164197103494481
392,-0.072937395996077889
393,-0.058771126574855642
394,-0.065394935965281786
395,-0.050382126865090436
396,-0.055210516296477205
397,-0.039876904519772854
398,-0.042422887046098909
399,-0.028839348554789552
400,-0.035570069292912496
401,-0.024755075253982912
402,-0.018100842979512664
403,-0.020350606793476486
404,-0.019795446548931762
405,-0.11697125314464692
406,-0.093629194095968676
407,-0.14173173633598063
408,-0.11677839863546619
409,-0.16553482593189234
410,-0.14371463557276448
411,-0.19460556039134147
412,-0.17308305294786941
413,-0.15936694523424222
414,-0.20362350288067532
415,-0.17720152179551932
416,-0.21890443208054061
417,-0.19300653378405072
418,-0.23432710990376268
419,-0.20954564909244502
420,-0.22782650473294097
421,-0.20616113794130136
422,-0.1940252306939127
423,-0.29523074901594487
424,-0.41292610754217007
425,-0.38305647551629884
426,-0.3527122329228729
427,-0.32210722552447413
428,-0.29790945495707422
429,-0.26724141236133536
430,-0.24315772033258923
431,-0.22608432890066024
432,-0.19940438124132279
433,-0.32316048916504192
434,-0.29763938076563112
435,-0.26649106325981475
436,-0.24418642736068524
437,-0.21357741243932099
438,-0.19382388543626602
439,-0.18151182888171846
440,-0.16557850252129111
441,-0.15319380800073881
442,-0.27530636405634035
443,-0.24625022549543027
444,-0.22569152767112752
445,-0.2005745346670772
446,-0.18221558588069955
447,-0.16511860673255649
448,-0.15208244268057414
449,-0.13007439837579318
450,-0.11531520467386855
451,-0.25331511170890664
452,-0.23768776012773857
453,-0.21277802227167986
454,-0.19575348660315156
455,-0.1677774974333007
456,-0.15039551949444432
457,-0.14120042778913544
458,-0.1256353951018219
459,-0.26554124119096695
460,-0.24952514552985366
461,-0.22458901690526389
462,-0.20698088593432465
463,-0.18461666785191333
464,-0.17157350462102433
465,-0.14700978706477782
466,-0.13323088626134105
467,-0.27322106254352929
468,-0.25575441417917472
469,-0.22995890600637633
470,-0.21197023496073186
471,-0.18733329483248629
472,-0.1730615072183877
473,-0.14882267485615039
474,-0.13119776581904216
475,-0.12262066932479602
476,-0.25427031293628366
477,-0.22777668271742743
478,0.30081761697863107
479,-0.19830308571747535
480,-0.17809611540784503
481,-0.16719269701374917
482,-0.14962952486640138
483,-0.13661915705506075
484,0.32953300362901949
485,0.30591613182859073
486,-0.24792966151518872
487,-0.23522494529275925
488,-0.21286251009530027
489,-0.19927621571696388
490,-0.17906484656073374
491,-0.16766047209989463
492,-0.14714302357000325
493,-0.28302683216676211
494,-0.26528919316142996
495,-0.2390479467242774
496,-0.22099357614184342
497,0.24024685023886283
498,0.22520677988800894
499,0.2007708297196491
500,0.18595795545644786
501,0.3112943756567364
502,-0.27863479023144444
503,-0.26527807265518738
504,-0.24262851563151086
505,-0.21750629336692001
506,-0.19941313055731533
507,0.21165594358884379
508,0.19461946210710321
509,0.16721300492954738
510,0.29835090724637225
511,-0.27130777940041162
512,-0.25516523531958318
513,0.24016325011666731
514,0.2241665398393079
515,-0.20203061257696783
516,-0.18351478047724648
517,-0.16559588166481917
518,-0.29944809355363794
519,0.28279897084999484
520,0.26315897357930856
521,-0.25437486215288696
522,-0.24189525293806832
523,-0.22010998831285816
524,-0.20288041728927372
525,-0.17609788203188859
526,-0.1567966071560854
527,-0.29634644357520967
528,-0.27693241859924544
529,0.26045742986643478
530,0.24687323354164137
531,0.22465305528518076
532,0.20678976385132078
533,-0.19174284952489992
534,-0.17755649192795356
535,-0.15426548708889284
536,-0.29001567319964905
537,-0.26768246774179849
538,0.25896267610349571
539,0.24524133359288108
540,0.22177236674223355
541,0.2080762751524044
542,0.18730332933338922
543,0.17049010872881282
544,0.31145938419813901
545,0.29362846273311982
546,0.26875394224423638
547,0.24018776378701631
548,0.22105140710373924
549,-0.21605264135787486
550,-0.20270651049324209
551,-0.1800384171728488
552,-0.16524996423278598
553,-0.29414664465368079
554,0.27065665341192574
555,0.25665535840977394
556,-0.23257720444652308
557,0.21949112009303431
558,-0.19808291785550936
559,0.18553202621209233
560,-0.16135674848311327
561,0.30301409536764967
562,0.28444300082851282
563,-0.26587742446062529
564,-0.24972259579549663
565,-0.22428770078419974
566,-0.20534371661772896
567,0.1976601121903924
568,0.17594502253262673
569,0.15973897939825618
570,0.29540522338086628
571,0.27380275445928426
572,-0.26118626740059991
573,-0.24770698899214755
574,-0.22728928403356838
575,-0.19758385767744821
576,-0.17721483880410258
577,-0.16624305165148165
578,-0.29790124614053859
579,0.28848028109092888
580,0.27137928961067737
581,0.24748331224960446
582,-0.23291368160178852
583,-0.21632205893756973
584,-0.19142127691945429
585,-0.17483312461033151
586,0.16037231309031313
587,0.29134705377984693
588,-0.27879672375110054
589,-0.26522632618619402
590,-0.24205549730859108
591,-0.2190981107547042
592,-0.20560740124249041
593,-0.18290963318783615
594,-0.16718001878123154
595,-0.29691389253799838
596,0.29232823930661483
597,0.27802043214073352
598,0.25634230683425702
599,0.22561364866076491
600,-0.21726664327496106
601,0.19092142370264992
602,0.17136703464606293
603,0.16106486714239643
604,0.29174620574213056
605,-0.27982891095905266
606,-0.26656500876254063
607,-0.24403501539230335
608,0.22317681643509818
609,0.20685087671516783
610,0.18355098361148439
611,0.16860491696740204
612,0.29487279260709603
613,-0.29664535239885093
614,-0.28687009360485216
615,-0.26845846915527577
616,-0.23987340938514709
617,-0.22158623262945412
618,-0.19569291726306762
619,-0.17975735238623719
620,-0.15453207155931389
621,-0.28828563248125855
622,0.27702534275485574
623,0.26153657111515782
624,-0.23576806817828599
625,0.21879010689068115
626,-0.20567654146653272
627,-0.18890508666032604
628,-0.16336440492038343
629,-0.29708564365282875
630,0.2859582677065507
631,0.26942337937976102
632,-0.24638206166948073
633,-0.23052782013940215
634,-0.20515140821505695
635,0.20215416216847018
636,-0.17360339636245137
637,0.16461302981050216
638,-0.28863088679528132
639,-0.27062364673313921
640,0.27064125421563484
641,0.25405533964015992
642,0.23061151474498021
643,0.21501248469730078
644,0.1891215961850797
645,0.17342403907676557
646,0.15170140402047994
647,0.28404256604209899
648,-0.27591909717882968
649,-0.25774477552005459
650,0.2285060637015435
651,0.21294793160156295
652,-0.20563182096302185
653,-0.18781826951137248
654,0.15999026067698149
655,-0.29744428721065713
656,0.27998171693837115
657,0.26047648661564682
658,-0.24939352815512206
659,-0.23667618073651719
660,-0.2147701239446406
661,-0.19834769484592407
662,-0.17519203285273249
663,-0.16068196810958829
664,-0.28742286050764826
665,0.27975210806253253
666,0.26887842182378557
667,0.24928846674150518
668,0.22068656489060542
669,0.19658571996572163
670,0.17882420412821173
671,0.16137418678953794
672,0.29971131000169449
673,0.2789428835330941
674,-0.26379758321071284
675,-0.25130947805861997
676,-0.22962688977896187
677,-0.2060648759192969
678,-0.18932403924972316
679,0.16940736012514629
680,-0.15610128917836352
681,-0.28503579510322552
682,0.27335830714726139
683,0.25687942436917743
684,0.23088774726515304
685,0.21477047275300515
686,0.19197303013812639
687,-0.18086655787168959
688,0.16356498413305134
689,0.29526028250852238
690,-0.27992606669698095
691,-0.26102919420101944
692,0.24541810924284588
693,0.2340366908642319
694,0.21586796800240887
695,0.18780504733682341
696,0.16890299580843957
697,0.15685069694025855
698,0.28977314887235867
699,0.26440732703231284
700,-0.25613192749657077
701,-0.2352267209264611
702,0.21727827598567004
703,0.20477355949228221
704,0.18291478599815608
705,0.17075000559680462
706,0.30158754653504805
707,0.27268539117498736
708,0.25391077717570371
709,-0.25293441599143479
710,-0.2392964009192515
711,-0.21609391397278035
712,-0.20237217614342112
713,-0.18163162574479
714,-0.16593323855393988
715,-0.29727128011703174
716,-0.27215434572733727
717,-0.25255055828456185
718,0.23422205892470591
719,0.22171128621293404
720,0.2000056818343024
721,0.18713901095185506
722,0.16700080971691494
723,0.30203890126604843
724,0.28164000473793571
725,0.25323665430467313
726,-0.24540511226771347
727,-0.22323403645901438
728,0.20745179177069073
729,0.18814689774473162
730,0.17400146340624831
731,0.15253081621854456
732,0.29121990312801882
733,0.2723544217260333
734,0.24525640850444677
735,-0.23369926489372164
736,0.21736773419209018
737,0.1987859177661562
738,0.17399480693914057
739,0.15829628131991907
740,-0.29642459553136707
741,0.28089721938260509
742,0.26441867102211614
743,0.24215298786537998
744,-0.23227844176567047
745,-0.21620807923763832
746,-0.19406370138074439
747,-0.17997760705133103
748,0.14757060527086655
749,-0.29330578522009199
750,-0.27314731955543442
751,0.25628716882675567
752,0.24162950574488429
753,0.21795538543757073
754,0.20109896582132478
755,0.17529619749342024
756,0.15868911422699444
757,0.29577936643219033
758,0.27611864759596166
759,-0.27286047068315789
760,-0.26254716227366709
761,-0.24221339111594692
762,-0.21604481516177154
763,-0.19425901963183309
764,-0.18165774637118093
765,-0.15940461494283956
766,-0.29404255644420002
767,0.27003315825746343
768,-0.25444384668049191
769,0.2375745801088314
770,0.22030375257498389
771,-0.20686658547405146
772,-0.18830538516403306
773,-0.16690773613755477
774,-0.30332401142636228
775,-0.28372376256249715
776,0.26829781748949366
777,0.25521452535183842
778,0.23266150328210847
779,0.20918481215280077
780,0.19405466710127423
781,0.17058576883563367
782,0.15396682580040827
783,0.29286715078084435
784,0.27244348992587747
785,-0.26801395774249093
786,-0.25501045841776981
787,-0.23345849686347994
788,0.20382583099860024
789,0.19023162356184029
790,0.16998220230573219
791,0.15842481600268607
792,0.28783194979915488
793,-0.27247939941802735
794,-0.2601965199206473
795,-0.23881872889281675
796,0.21780712000530358
797,0.20637642415586388
798,0.18626678296471275
799,0.17066804999937221
800,0.29622229476593642
801,-0.2905472882689249
802,-0.282579642524941
803,-0.26575241927396243
804,-0.23875257097106117
805,-0.22270185799126302
806,-0.19893586274425443
807,-0.17799539590038393
808,-0.16805476479291354
809,-0.30065183420964614
810,-0.27501746637716334
811,-0.25092055311615274
812,-0.22735219394391454
813,-0.21385610956241938
814,-0.19307363316700968
815,-0.17691323751609841
816,0.17116535982921952
817,0.30216348668940807
818,-0.27659463820872032
819,-0.25885392467000917
820,0.24975961078982351
821,0.2323967699529583
822,0.20819012672673504
823,0.19353816374281069
824,-0.17125271671015069
825,0.15482587035398626
826,-0.28699189137434367
827,-0.26906754117169263
828,0.25605807101441452
829,0.23836260985786573
830,0.21388741442457279
831,0.19415085163846282
832,0.17819208962793062
833,-0.16678146866216409
834,-0.30065576270358718
835,-0.27630076617413057
836,0.27190617931365985
837,0.25954017428405091
838,0.24025554647289787
839,0.21133872110129881
840,0.19098057203483126
841,0.1797628095269008
842,0.16228591189620528
843,0.30385597819208188
844,0.28577235063256556
845,0.25843988339776086
846,0.23820858873865419
847,0.21492484532863398
848,0.19931401875177351
849,0.17565825941255694
850,0.15790043612857954
851,0.30006572255097885
852,0.2824640328951723
853,0.25552520617153979
854,0.23563736696360463
855,-0.23688480150847485
856,-0.22188984824361982
857,-0.19738899690393472
858,-0.18037469952896099
859,0.1465807507780611
860,-0.29464661135418341
861,-0.27249329935564248
862,0.25552847443997984
863,0.23999843963024675
864,0.2155217312565014
865,0.19985892888794288
866,0.17751849565219474
867,0.1600182510522408
868,0.30040981232450503
869,0.2811635926713455
870,0.25593312502189924
871,0.23786344371267243
872,-0.23443798745629763
873,-0.21685202544672957
874,0.1825824257433642
875,0.16798092812268839
876,0.14414830836576767
877,-0.29320760807122287
878,0.26744598163732403
879,0.2495072153352893
880,-0.23950000647539674
881,-0.22237759827093376
882,0.19541474254049107
883,0.17995452440632892
884,0.15571579872625274
885,-0.29690419316722572
886,0.28192708438415354
887,0.26438280107643169
888,0.23765155058054646
889,0.21974457951413223
890,-0.21508365941064336
891,-0.19504147532870861
892,-0.17791646829178495
893,-0.15902067805219208
894,-0.29731401676666425
895,-0.27540101713872545
896,0.25693283897587699
897,0.24536104892748134
898,0.22531550925571092
899,0.19579161700231595
900,0.17560182034241889
901,0.16310052237996492
902,0.29482189945505993
903,-0.28389080410146211
904,-0.26660736248188405
905,0.24013855784818786
906,0.22447292585769255
907,-0.21315617303461476
908,-0.19423042975868629
909,0.16892265179148322
910,-0.16161474036635384
911,-0.22625021873679613
912,0.20120690282444856
913,0.18407300001452531
914,-0.17151771201052299
915,-0.15181661994691628
916,-0.1414404562021048
917,-0.1215249604860843
918,-0.10845731125253533
919,-0.16941004223817299
920,-0.15563443629513762
921,-0.1320523180588733
922,-0.11668951793190586
923,-0.10976328584919021
924,-0.15917819951841367
925,-0.13650536631883536
926,-0.18385976303853679
927,-0.15674949906010707
928,-0.20446021024083855
929,-0.18054752196091189
930,-0.22602085879832692
931,-0.20283731546916331
932,-0.18977842445933332
933,-0.23055417639382447
934,-0.20237814649169478
935,-0.24356486100273672
936,-0.21589992734058816
937,-0.25834120954605055
938,-0.2329988350613057
939,-0.21494975565935731
940,-0.20806247159113175
941,-0.19056166511247385
942,-0.27356327490327642
943,-0.24953062149694455
944,-0.24334234067160435
945,-0.22259188185640716
946,-0.21034124809436788
947,-0.43451874009236174
948,-0.40461788975124902
949,-0.37505804481384775
950,-0.34464193867587051
951,-0.31458544229510382
952,-0.28526200131164897
953,-0.26451052043582135
954,-0.23742439760720022
955,-0.22050441292239534
956,-0.20088579976373047
957,-0.32389537213437075
958,-0.30337917937663239
959,-0.27296900438299371
960,-0.25215563052937512
961,-0.22186834223353433
962,-0.19969248416068036
963,-0.18625381969605426
964,-0.16395358387156603
965,-0.14846765377076429
966,-0.26756208190962322
967,-0.24131770845682857
968,-0.22480904301760576
969,-0.19854153711610642
970,-0.17936378326003685
971,-0.16914378648843501
972,-0.15003044339501431
973,-0.14028702241911922
974,-0.26197244858570601
975,-0.23619277654434989
976,-0.2190716386461094
977,-0.19219055116568787
978,-0.17259469151341747
979,-0.16205285044620277
980,-0.1415999146193071
981,-0.13101678277680803
982,-0.11493438041931255
983,-0.24823822737948734
984,-0.23027284526364211
985,-0.20432253226358082
986,-0.18348392328445218
987,-0.17306835681251601
988,-0.15300559470147934
989,-0.14279807286196641
990,-0.12611941929349457
991,-0.25819813933718372
992,-0.2344016429592013
993,-0.21390421534112028
994,-0.19882784390054931
995,-0.1741456087916462
996,-0.15841384458842372
997,-0.13929678704811874
998,-0.12910546549029234
999,-0.11491404802904803
1000,-0.25567027632625416
1001,-0.24065576662680183
1002,-0.21885863034984943
1003,-0.20063840887675949
1004,-0.17459218971698426
1005,-0.15732083299745953
1006,-0.14782468756123313
1007,-0.12820614745148276
1008,-0.26581385693779602
1009,-0.24692404507014873
1010,-0.22113156320810373
1011,-0.20397239794434913
1012,-0.18259320092068138
1013,-0.16781670276688554
1014,-0.14867281899339924
1015,-0.13425840085329829
1016,-0.12324940376414785
1017,0.32616883857958329
1018,-0.23824052430223858
1019,0.29198966884865013
1020,-0.2020185283420039
1021,0.25534870194456394
1022,-0.16557143313236117
1023,0.22529928027502749
1024,0.20614649776801791
1025,0.33383815178492676
1026,0.30446682694602784
1027,0.28324558201123162
1028,-0.23693536068306403
1029,-0.22179897185530861
1030,-0.20135552598272174
1031,-0.18914826336025969
1032,-0.16741950652171106
1033,-0.15474754531950868
1034,-0.28506981454625946
1035,0.28638046475576412
1036,0.27036509598404002
1037,0.24624961631325523
1038,-0.21106161402245602
1039,0.21843035323046861
1040,0.20070618727753348
1041,-0.15797050732667581
1042,-0.29358740322391585
1043,0.29415789370764417
1044,0.27863709705671724
1045,0.25218662408924469
1046,-0.22555112695016438
1047,0.22384337149749731
1048,0.20490746198796092
1049,-0.17370444020841633
1050,-0.15752551971326459
1051,-0.29250713204427148
1052,0.2827486655006009
1053,0.26532393945587157
1054,-0.24215570704999129
1055,-0.22449405493399785
1056,0.21234835105571406
1057,0.19468508903563461
1058,-0.16829414095283568
1059,0.15637488793495305
1060,-0.28744402436565042
1061,-0.26716594210538014
1062,0.25825060747213691
1063,0.24534595335855225
1064,0.22307265660242151
1065,0.20123714584091235
1066,0.18671678692446161
1067,0.16241770698987104
1068,0.29783070560451047
1069,-0.27447812710609382
1070,-0.25594972795671228
1071,0.24868255899165662
1072,0.23201327714853617
1073,0.20521554381692919
1074,0.18622048802142477
1075,0.16997896547805927
1076,-0.30296930324716698
1077,0.28271571004694029
1078,-0.26826009016029329
1079,0.25105280679508291
1080,0.22986451896848434
1081,-0.22296632029973362
1082,-0.20882235979652608
1083,-0.18485715298339742
1084,-0.17057084649070328
1085,-0.29651817742076192
1086,0.28301393554617704
1087,0.26907258539741535
1088,0.24611761816495178
1089,-0.2248942680498065
1090,-0.21291325599761349
1091,-0.1883350563406446
1092,-0.17290557450247232
1093,-0.14896404517573406
1094,0.28550874372099655
1095,-0.27323097302868921
1096,-0.25484505889949627
1097,-0.22859267949352158
1098,0.21559155594383678
1099,-0.19892432913832112
1100,-0.17979016823473004
1101,-0.16794209621896133
1102,-0.2993691166573022
1103,-0.27161072806325476
1104,-0.2534179624367987
1105,0.25145418256999513
1106,0.23714968088705249
1107,0.21322073709140027
1108,0.19817674384410472
1109,0.17649402613866355
1110,0.16060076299641601
1111,0.29565896622109528
1112,0.27444999428247685
1113,-0.25289231187719385
1114,-0.24152317983069727
1115,-0.22122434936651414
1116,0.19902258454119587
1117,0.18445525062733284
1118,0.16331989489792859
1119,0.30069061761461602
1120,0.27901856076612624
1121,-0.26719650609696921
1122,-0.255651590828333
1123,-0.23539246878779102
1124,-0.20556221271144839
1125,0.18821070377396518
1126,0.16752223256081963
1127,0.15505295602472544
1128,0.28435309673142234
1129,-0.28199846014332769
1130,-0.26999891086996131
1131,-0.2495617951564186
1132,-0.2176628971458473
1133,-0.19859540614592039
1134,-0.18523763163114121
1135,-0.16468462119205146
1136,-0.30346880446506141
1137,-0.28247701567406908
1138,0.26544217031979067
1139,0.25309567458958776
1140,0.23286166463842931
1141,0.21024789445363781
1142,0.19538244948571545
1143,0.17528822750206383
1144,0.16453985818622668
1145,0.29504216162380914
1146,0.26851245991621697
1147,0.24941036285816914
1148,-0.2444246584418355
1149,-0.22797013513769487
1150,-0.2050271603219842
1151,-0.19119632479269871
1152,-0.16709377683641233
1153,-0.30093269298829911
1154,-0.28413239964983389
1155,0.26198897766197954
1156,0.24323532077224355
1157,-0.23220032801773077
1158,-0.21758742894700067
1159,-0.1943989921972237
1160,-0.18006268165367212
1161,-0.15684281303352107
1162,-0.29004476664428835
1163,0.26914984620229804
1164,-0.25763646634384069
1165,-0.23628546598568795
1166,0.22405060381459302
1167,0.21246688856952911
1168,0.19165204246675135
1169,0.17978763088242838
1170,0.31115684695273632
1171,0.28312553648471195
1172,0.26365139832964252
1173,-0.24870130317777472
1174,-0.23589358528459031
1175,-0.21277200791783893
1176,-0.1991547345208754
1177,-0.17649181375694012
1178,-0.16014578845147917
1179,-0.29445478705107631
1180,-0.26926840215035847
1181,0.26493472340977453
1182,0.25429735714498369
1183,0.23492141303347841
1184,0.20605749902461773
1185,0.18666762540132489
1186,0.17297424051923832
1187,0.29944146199900307
1188,-0.2887590735212387
1189,-0.27681244124857141
1190,-0.25777166678959151
1191,-0.22977471560961549
1192,-0.21016536332447391
1193,0.19437319646580872
1194,0.17814931031375178
1195,0.1530791581788282
1196,0.25010617241841876
1197,-0.23782008943984584
1198,-0.22066539882719818
1199,0.19778602186747909
1200,0.17911939788572645
1201,0.16659136717005724
1202,0.14734978547560859
1203,0.13725691163861672
1204,0.13597636680834804
1205,0.11360921742922372
1206,0.097090327929971659
1207,0.088910150239382882
1208,0.072346314945152507
1209,0.064408447297065699
1210,0.055360249376666476
1211,0.064701648257830244
1212,0.052815729147660619
1213,0.062479035157891966
1214,0.052891496436483942
1215,0.06166184573868403
1216,0.048783932227555712
1217,0.057555595801427814
1218,0.048681434005477434
1219,0.055149519242400871
1220,0.041474831792504913
1221,0.037347907321758453
1222,0.035373193860948754
1223,0.015846654953920195
1224,0.013962368667596661
1225,-0.00023297463319758849
1226,0.0025031260237893815
1227,-0.014904211389269471
1228,-0.012808185388886992
1229,-0.029242220298800754
1230,-0.02853628573606011
1231,-0.034524510934012216
1232,-0.037447968853492976
1233,-0.029564257305072887
1234,-0.039713779737237082
1235,-0.031751595451398801
1236,-0.044961632219569746
1237,-0.045282367220988565
1238,-0.048491447149665273
1239,-0.049873276637025121
1240,0.0
